{"assets/images/bgBlur.png":["assets/images/bgBlur.png"],"assets/images/bgc.png":["assets/images/bgc.png"],"assets/images/cost.png":["assets/images/cost.png"],"assets/images/logo.jpg":["assets/images/logo.jpg"],"assets/images/palm.png":["assets/images/palm.png"],"assets/images/policy.png":["assets/images/policy.png"],"assets/images/settings.png":["assets/images/settings.png"],"assets/images/share.png":["assets/images/share.png"],"packages/cupertino_icons/assets/CupertinoIcons.ttf":["packages/cupertino_icons/assets/CupertinoIcons.ttf"]}